<metadata xml:lang="en"><Esri><CreaDate>20171106</CreaDate><CreaTime>17470500</CreaTime><ArcGISFormat>1.0</ArcGISFormat><ArcGISstyle>ISO 19139 Metadata Implementation Specification</ArcGISstyle><SyncOnce>FALSE</SyncOnce><DataProperties><lineage><Process ToolSource="c:\program files (x86)\arcgis\desktop10.2\ArcToolbox\Toolboxes\Data Management Tools.tbx\CalculateField" Date="20150902" Time="121019">CalculateField temp6_createFC X_ZONETYPE "99 - No Burn Unit" VB #</Process><Process ToolSource="c:\program files (x86)\arcgis\desktop10.2\ArcToolbox\Toolboxes\Data Management Tools.tbx\CalculateField" Date="20150902" Time="140432">CalculateField temp6_createFC COMMENTS "elim"
 VB #</Process><Process ToolSource="c:\program files (x86)\arcgis\desktop10.2\ArcToolbox\Toolboxes\Data Management Tools.tbx\CalculateField" Date="20150902" Time="140459">CalculateField temp6_createFC COMMENTS null
 VB #</Process><Process ToolSource="c:\program files (x86)\arcgis\desktop10.2\ArcToolbox\Toolboxes\Data Management Tools.tbx\CalculateField" Date="20150902" Time="140516">CalculateField temp6_createFC COMMENTS ""
 VB #</Process><Process ToolSource="c:\program files (x86)\arcgis\desktop10.2\ArcToolbox\Toolboxes\Data Management Tools.tbx\CalculateField" Date="20150902" Time="140635">CalculateField temp6_createFC COMMENTS "elim" VB #</Process><Process ToolSource="c:\program files (x86)\arcgis\desktop10.2\ArcToolbox\Toolboxes\Data Management Tools.tbx\CalculateField" Date="20150902" Time="140717">CalculateField temp6_createFC COMMENTS "elim" VB #</Process><Process ToolSource="c:\program files (x86)\arcgis\desktop10.2\ArcToolbox\Toolboxes\Data Management Tools.tbx\CalculateField" Date="20150902" Time="141329">CalculateField temp6_createFC COMMENTS "elim" VB #</Process><Process ToolSource="c:\program files (x86)\arcgis\desktop10.2\ArcToolbox\Toolboxes\Data Management Tools.tbx\CalculateField" Date="20150903" Time="091219">CalculateField burnunits_topocheck BRL "East Central" VB #</Process><Process ToolSource="c:\program files (x86)\arcgis\desktop10.2\ArcToolbox\Toolboxes\Data Management Tools.tbx\CalculateField" Date="20150903" Time="091544">CalculateField burnunits_topocheck LF_DISTRICT "LATROBE" VB #</Process><Process ToolSource="c:\program files (x86)\arcgis\desktop10.2\ArcToolbox\Toolboxes\Data Management Tools.tbx\CalculateField" Date="20150903" Time="091631">CalculateField burnunits_topocheck LF_DISTRICT "LATROBE" VB #</Process><Process ToolSource="c:\program files (x86)\arcgis\desktop10.2\ArcToolbox\Toolboxes\Data Management Tools.tbx\CalculateField" Date="20150903" Time="091814">CalculateField burnunits_topocheck DEPI_REGION "GIPPSLAND" VB #</Process><Process ToolSource="c:\program files (x86)\arcgis\desktop10.2\ArcToolbox\Toolboxes\Data Management Tools.tbx\CalculateField" Date="20150903" Time="091922">CalculateField burnunits_topocheck LF_DISTRICT "SNOWY" VB #</Process><Process ToolSource="c:\program files (x86)\arcgis\desktop10.2\ArcToolbox\Toolboxes\Data Management Tools.tbx\CalculateField" Date="20150903" Time="092236">CalculateField burnunits_topocheck PERIMETER round( [PERIMETER],0) VB #</Process><Process ToolSource="c:\program files (x86)\arcgis\desktop10.2\ArcToolbox\Toolboxes\Data Management Tools.tbx\CalculateField" Date="20150903" Time="092255">CalculateField burnunits_topocheck HECTARES round( [HECTARES],1) VB #</Process><Process ToolSource="c:\program files (x86)\arcgis\desktop10.2\ArcToolbox\Toolboxes\Data Management Tools.tbx\CalculateField" Date="20150903" Time="092343">CalculateField burnunits_topocheck UPDATED now() VB #</Process><Process ToolSource="c:\program files (x86)\arcgis\desktop10.2\ArcToolbox\Toolboxes\Data Management Tools.tbx\CalculateField" Date="20150903" Time="110332">CalculateField burnunits_topocheck LF_DISTRICT "METROPOLITAN" VB #</Process><Process ToolSource="c:\program files (x86)\arcgis\desktop10.2\ArcToolbox\Toolboxes\Data Management Tools.tbx\CalculateField" Date="20150930" Time="090532">CalculateField BLD_DSE_BURNUNITS_DRAFT DISTRICT_NAME "TAMBO" VB #</Process><Process ToolSource="c:\program files (x86)\arcgis\desktop10.2\ArcToolbox\Toolboxes\Data Management Tools.tbx\CalculateField" Date="20150930" Time="090620">CalculateField BLD_DSE_BURNUNITS_DRAFT DISTRICT_NAME "LATROBE" VB #</Process><Process ToolSource="c:\program files (x86)\arcgis\desktop10.2\ArcToolbox\Toolboxes\Data Management Tools.tbx\CalculateField" Date="20150930" Time="090654">CalculateField BLD_DSE_BURNUNITS_DRAFT DISTRICT_NAME "MACALISTER" VB #</Process><Process ToolSource="c:\program files (x86)\arcgis\desktop10.2\ArcToolbox\Toolboxes\Data Management Tools.tbx\CalculateField" Date="20150930" Time="090723">CalculateField BLD_DSE_BURNUNITS_DRAFT DISTRICT_NAME "SNOWY" VB #</Process><Process ToolSource="c:\program files (x86)\arcgis\desktop10.2\ArcToolbox\Toolboxes\Data Management Tools.tbx\CopyFeatures" Date="20150930" Time="174545">CopyFeatures E:\gis\projects\_business_data_clearinghouse\regional_business_qa.gdb\BLD_DSE_BURNUNITS_DRAFT F:\regional\regional_business.gdb\BLD_DSE_BURNUNITS_DRAFT # 0 0 0</Process><Process ToolSource="c:\program files (x86)\arcgis\desktop10.2\ArcToolbox\Toolboxes\Data Management Tools.tbx\Copy" Date="20150930" Time="174557">Copy F:\regional\regional_business.gdb\BLD_DSE_BURNUNITS_DRAFT F:\Data\gis_public\gisdesk\GISData\RegionalData.gdb\BLD_DSE_BURNUNITS_DRAFT FeatureClass</Process><Process ToolSource="c:\program files (x86)\arcgis\desktop10.2\ArcToolbox\Toolboxes\Data Management Tools.tbx\CompressFileGeodatabaseData" Date="20150930" Time="174601">CompressFileGeodatabaseData F:\Data\gis_public\gisdesk\GISData\RegionalData.gdb\BLD_DSE_BURNUNITS_DRAFT false</Process><Process ToolSource="c:\program files (x86)\arcgis\desktop10.2\ArcToolbox\Toolboxes\Data Management Tools.tbx\CalculateField" Date="20160623" Time="164300">CalculateField final9_update_into_master HECTARES round( [HECTARES],1) VB #</Process><Process ToolSource="c:\program files (x86)\arcgis\desktop10.2\ArcToolbox\Toolboxes\Data Management Tools.tbx\CalculateField" Date="20160623" Time="164346">CalculateField final9_update_into_master PERIMETER "Int ( [PERIMETER] )" VB #</Process><Process ToolSource="c:\program files (x86)\arcgis\desktop10.2\ArcToolbox\Toolboxes\Data Management Tools.tbx\CalculateField" Date="20160623" Time="164853">CalculateField final9_update_into_master X_ZONETYPE "99 - No Burn Unit" VB #</Process><Process ToolSource="c:\program files (x86)\arcgis\desktop10.2\ArcToolbox\Toolboxes\Data Management Tools.tbx\CalculateField" Date="20160628" Time="163954">CalculateField temp12_updated_buid UPDATED "28/06/2016" VB #</Process><Process ToolSource="c:\program files (x86)\arcgis\desktop10.2\ArcToolbox\Toolboxes\Data Management Tools.tbx\CalculateField" Date="20160628" Time="164014">CalculateField temp12_updated_buid COMMENTS "BUID updated" VB #</Process><Process ToolSource="c:\program files (x86)\arcgis\desktop10.2\ArcToolbox\Toolboxes\Data Management Tools.tbx\CalculateField" Date="20160628" Time="164919">CalculateField temp12_updated_buid BUID "EC003781" VB #</Process><Process ToolSource="c:\program files (x86)\arcgis\desktop10.2\ArcToolbox\Toolboxes\Data Management Tools.tbx\CalculateField" Date="20160628" Time="164933">CalculateField temp12_updated_buid UPDATED "28/06/2016" VB #</Process><Process ToolSource="c:\program files (x86)\arcgis\desktop10.2\ArcToolbox\Toolboxes\Data Management Tools.tbx\CopyFeatures" Date="20160628" Time="174758">CopyFeatures E:\gis\projects\_business_data_clearinghouse\regional_business_qa.gdb\BLD_DSE_BURNUNITS_DRAFT F:\regional\regional_business.gdb\BLD_DSE_BURNUNITS_DRAFT # 0 0 0</Process><Process ToolSource="c:\program files (x86)\arcgis\desktop10.2\ArcToolbox\Toolboxes\Data Management Tools.tbx\Copy" Date="20160628" Time="174818">Copy F:\regional\regional_business.gdb\BLD_DSE_BURNUNITS_DRAFT F:\Data\gis_public\gisdesk\GISData\RegionalData.gdb\BLD_DSE_BURNUNITS_DRAFT FeatureClass</Process><Process ToolSource="c:\program files (x86)\arcgis\desktop10.2\ArcToolbox\Toolboxes\Data Management Tools.tbx\CompressFileGeodatabaseData" Date="20160628" Time="174831">CompressFileGeodatabaseData F:\Data\gis_public\gisdesk\GISData\RegionalData.gdb\BLD_DSE_BURNUNITS_DRAFT false</Process><Process ToolSource="c:\program files (x86)\arcgis\desktop10.2\ArcToolbox\Toolboxes\Data Management Tools.tbx\CopyFeatures" Date="20170714" Time="174630">CopyFeatures E:\gis\projects\_business_data_clearinghouse\regional_business_qa.gdb\BLD_DSE_BURNUNITS_DRAFT F:\regional\regional_business.gdb\BLD_DSE_BURNUNITS_DRAFT # 0 0 0</Process><Process ToolSource="c:\program files (x86)\arcgis\desktop10.2\ArcToolbox\Toolboxes\Data Management Tools.tbx\Copy" Date="20170714" Time="174645">Copy F:\regional\regional_business.gdb\BLD_DSE_BURNUNITS_DRAFT F:\Data\gis_public\gisdesk\GISData\RegionalData.gdb\BLD_DSE_BURNUNITS_DRAFT FeatureClass</Process><Process ToolSource="c:\program files (x86)\arcgis\desktop10.2\ArcToolbox\Toolboxes\Data Management Tools.tbx\CompressFileGeodatabaseData" Date="20170714" Time="174701">CompressFileGeodatabaseData F:\Data\gis_public\gisdesk\GISData\RegionalData.gdb\BLD_DSE_BURNUNITS_DRAFT "Lossless compression"</Process><Process ToolSource="c:\program files (x86)\arcgis\desktop10.2\ArcToolbox\Toolboxes\Data Management Tools.tbx\CopyFeatures" Date="20171106" Time="174654">CopyFeatures E:\gis\projects\_business_data_clearinghouse\regional_business_qa.gdb\BLD_DSE_BURNUNITS_DRAFT F:\regional\regional_business.gdb\BLD_DSE_BURNUNITS_DRAFT # 0 0 0</Process><Process ToolSource="c:\program files (x86)\arcgis\desktop10.2\ArcToolbox\Toolboxes\Data Management Tools.tbx\Copy" Date="20171106" Time="174705">Copy F:\regional\regional_business.gdb\BLD_DSE_BURNUNITS_DRAFT F:\Data\gis_public\gisdesk\GISData\RegionalData.gdb\BLD_DSE_BURNUNITS_DRAFT FeatureClass</Process><Process ToolSource="c:\program files (x86)\arcgis\desktop10.2\ArcToolbox\Toolboxes\Data Management Tools.tbx\CompressFileGeodatabaseData" Date="20171106" Time="174740">CompressFileGeodatabaseData F:\Data\gis_public\gisdesk\GISData\RegionalData.gdb\BLD_DSE_BURNUNITS_DRAFT "Lossless compression"</Process><Process ToolSource="c:\program files\arcgis\pro\Resources\ArcToolbox\toolboxes\Conversion Tools.tbx\FeatureClassToFeatureClass" Date="20220217" Time="142114">FeatureClassToFeatureClass BLD_DSE_BURNUNITS_DRAFT D:\Projects\20220202_Risk2_TargetSetting\randomiser burnunits_v2.shp # "BUID "BUID" true true false 16 Text 0 0,First,#,BLD_DSE_BURNUNITS_DRAFT,BUID,0,16;BRL_NAME "BRL_NAME" true true false 30 Text 0 0,First,#,BLD_DSE_BURNUNITS_DRAFT,BRL_NAME,0,30;X_ZONETYPE "X_ZONETYPE" true true false 50 Text 0 0,First,#,BLD_DSE_BURNUNITS_DRAFT,X_ZONETYPE,0,50;DISTRICT_N "DISTRICT_NAME" true true false 20 Text 0 0,First,#,BLD_DSE_BURNUNITS_DRAFT,DISTRICT_NAME,0,20;WORKCENTRE "WORKCENTRE" true true false 50 Text 0 0,First,#,BLD_DSE_BURNUNITS_DRAFT,WORKCENTRE,0,50;DELWP_REGI "DELWP_REGION" true true false 20 Text 0 0,First,#,BLD_DSE_BURNUNITS_DRAFT,DELWP_REGION,0,20;COMMENTS "COMMENTS" true true false 50 Text 0 0,First,#,BLD_DSE_BURNUNITS_DRAFT,COMMENTS,0,50;PERIMETER "PERIMETER" true true false 8 Double 0 0,First,#,BLD_DSE_BURNUNITS_DRAFT,PERIMETER,-1,-1;HECTARES "HECTARES" true true false 8 Double 0 0,First,#,BLD_DSE_BURNUNITS_DRAFT,HECTARES,-1,-1;UPDATED "UPDATED" true true false 8 Date 0 0,First,#,BLD_DSE_BURNUNITS_DRAFT,UPDATED,-1,-1;Shape_Leng "Shape_Length" false true true 8 Double 0 0,First,#,BLD_DSE_BURNUNITS_DRAFT,Shape_Length,-1,-1;Shape_Area "Shape_Area" false true true 8 Double 0 0,First,#,BLD_DSE_BURNUNITS_DRAFT,Shape_Area,-1,-1" #</Process><Process ToolSource="c:\program files\arcgis\pro\Resources\ArcToolbox\toolboxes\Data Management Tools.tbx\UpdateSchema" Date="20220217" Time="142214">UpdateSchema "CIMDATA=&lt;CIMStandardDataConnection xsi:type='typens:CIMStandardDataConnection' xmlns:xsi='http://www.w3.org/2001/XMLSchema-instance' xmlns:xs='http://www.w3.org/2001/XMLSchema' xmlns:typens='http://www.esri.com/schemas/ArcGIS/2.4.0'&gt;&lt;WorkspaceConnectionString&gt;DATABASE=D:\Projects\20220202_Risk2_TargetSetting\randomiser&lt;/WorkspaceConnectionString&gt;&lt;WorkspaceFactory&gt;Shapefile&lt;/WorkspaceFactory&gt;&lt;Dataset&gt;burnunits_v2&lt;/Dataset&gt;&lt;DatasetType&gt;esriDTFeatureClass&lt;/DatasetType&gt;&lt;/CIMStandardDataConnection&gt;" &lt;operationSequence&gt;&lt;workflow&gt;&lt;AlterField&gt;&lt;field_name&gt;UPDATED&lt;/field_name&gt;&lt;field_is_nullable&gt;False&lt;/field_is_nullable&gt;&lt;clear_field_alias&gt;False&lt;/clear_field_alias&gt;&lt;/AlterField&gt;&lt;/workflow&gt;&lt;workflow&gt;&lt;AddField&gt;&lt;field_name&gt;FireFMZ&lt;/field_name&gt;&lt;field_type&gt;TEXT&lt;/field_type&gt;&lt;field_length&gt;5&lt;/field_length&gt;&lt;field_is_nullable&gt;False&lt;/field_is_nullable&gt;&lt;field_is_required&gt;False&lt;/field_is_required&gt;&lt;/AddField&gt;&lt;/workflow&gt;&lt;/operationSequence&gt;</Process><Process ToolSource="c:\program files\arcgis\pro\Resources\ArcToolbox\toolboxes\Data Management Tools.tbx\DeleteField" Date="20220217" Time="142245">DeleteField burnunits_v2 COMMENTS</Process><Process ToolSource="c:\program files\arcgis\pro\Resources\ArcToolbox\toolboxes\Data Management Tools.tbx\DeleteField" Date="20220217" Time="142251">DeleteField burnunits_v2 BRL_NAME</Process><Process ToolSource="c:\program files\arcgis\pro\Resources\ArcToolbox\toolboxes\Data Management Tools.tbx\CalculateField" Date="20220217" Time="142948">CalculateField burnunits_v2 FireFMZ "APZ" "Python 3" #</Process><Process ToolSource="c:\program files\arcgis\pro\Resources\ArcToolbox\toolboxes\Data Management Tools.tbx\CalculateField" Date="20220217" Time="144106">CalculateField burnunits_v2 FireFMZ newval(!X_ZONETYPE!) "Python 3" "def newval(zone):
    if zone == "2 - Bushfire Moderation Zone":
        value = "BMZ"
    elif zone == "3 - Landscape Management Zone":
        value = "LMZ"
    else:
        value = "PBEZ"
    return value
    "</Process><Process ToolSource="c:\program files\arcgis\pro\Resources\ArcToolbox\toolboxes\Data Management Tools.tbx\CalculateField" Date="20220217" Time="144212">CalculateField burnunits_v2 FireFMZ newval(!X_ZONETYPE!) "Python 3" "def newval(zone):
    if zone == "1 - Asset Protection Zone":
        value = "APZ"
    elif zone == "2 - Bushfire Moderation Zone":
        value = "BMZ"
    elif zone == "3 - Landscape Management Zone":
        value = "LMZ"
    else:
        value = "PBEZ"
    return value
    "</Process><Process ToolSource="c:\program files\arcgis\pro\Resources\ArcToolbox\toolboxes\Data Management Tools.tbx\UpdateSchema" Date="20220217" Time="144309">UpdateSchema "CIMDATA=&lt;CIMStandardDataConnection xsi:type='typens:CIMStandardDataConnection' xmlns:xsi='http://www.w3.org/2001/XMLSchema-instance' xmlns:xs='http://www.w3.org/2001/XMLSchema' xmlns:typens='http://www.esri.com/schemas/ArcGIS/2.4.0'&gt;&lt;WorkspaceConnectionString&gt;DATABASE=D:\Projects\20220202_Risk2_TargetSetting\randomiser&lt;/WorkspaceConnectionString&gt;&lt;WorkspaceFactory&gt;Shapefile&lt;/WorkspaceFactory&gt;&lt;Dataset&gt;burnunits_v2.shp&lt;/Dataset&gt;&lt;DatasetType&gt;esriDTFeatureClass&lt;/DatasetType&gt;&lt;/CIMStandardDataConnection&gt;" &lt;operationSequence&gt;&lt;workflow&gt;&lt;AlterField&gt;&lt;field_name&gt;UPDATED&lt;/field_name&gt;&lt;field_is_nullable&gt;False&lt;/field_is_nullable&gt;&lt;clear_field_alias&gt;False&lt;/clear_field_alias&gt;&lt;/AlterField&gt;&lt;/workflow&gt;&lt;workflow&gt;&lt;AddField&gt;&lt;field_name&gt;AreaHa&lt;/field_name&gt;&lt;field_type&gt;DOUBLE&lt;/field_type&gt;&lt;field_is_nullable&gt;False&lt;/field_is_nullable&gt;&lt;field_is_required&gt;False&lt;/field_is_required&gt;&lt;/AddField&gt;&lt;/workflow&gt;&lt;/operationSequence&gt;</Process><Process ToolSource="c:\program files\arcgis\pro\Resources\ArcToolbox\toolboxes\Data Management Tools.tbx\CalculateGeometryAttributes" Date="20220217" Time="144341">CalculateGeometryAttributes burnunits_v2 "AreaHa AREA" # Hectares PROJCS['GDA_1994_VICGRID94',GEOGCS['GCS_GDA_1994',DATUM['D_GDA_1994',SPHEROID['GRS_1980',6378137.0,298.257222101]],PRIMEM['Greenwich',0.0],UNIT['Degree',0.0174532925199433]],PROJECTION['Lambert_Conformal_Conic'],PARAMETER['False_Easting',2500000.0],PARAMETER['False_Northing',2500000.0],PARAMETER['Central_Meridian',145.0],PARAMETER['Standard_Parallel_1',-36.0],PARAMETER['Standard_Parallel_2',-38.0],PARAMETER['Latitude_Of_Origin',-37.0],UNIT['Meter',1.0]]</Process><Process ToolSource="c:\program files\arcgis\pro\Resources\ArcToolbox\toolboxes\Data Management Tools.tbx\CalculateField" Date="20220217" Time="144359">CalculateField burnunits_v2 AreaHa !HECTARES! "Python 3" #</Process><Process ToolSource="c:\program files\arcgis\pro\Resources\ArcToolbox\toolboxes\Data Management Tools.tbx\AddField" Date="20220217" Time="144430">AddField D:\Projects\20220202_Risk2_TargetSetting\randomiser\burnunits_v2.shp sort "Double (double precision)" 6 4 # # NULLABLE NON_REQUIRED #</Process><Process ToolSource="c:\program files\arcgis\pro\Resources\ArcToolbox\toolboxes\Data Management Tools.tbx\AddField" Date="20220217" Time="150526">AddField D:\Projects\20220202_Risk2_TargetSetting\randomiser\burnunits_v2.shp Burn_Date "Long (large integer)" # # # # NULLABLE NON_REQUIRED #</Process><Process ToolSource="c:\program files\arcgis\pro\Resources\ArcToolbox\toolboxes\Data Management Tools.tbx\AddField" Date="20220220" Time="112859">AddField D:\Projects\20220202_Risk2_TargetSetting\randomiser\burnunits_v2.shp FIRETYPE STRING 10 # # # NULLABLE NON_REQUIRED #</Process></lineage><itemProps><itemLocation><linkage Sync="TRUE">file://\\WL32RTQN2\D$\Projects\20220202_Risk2_TargetSetting\randomiser\burnunits_v2.shp</linkage><protocol Sync="TRUE">Local Area Network</protocol></itemLocation><itemName Sync="TRUE">burnunits_v2</itemName><imsContentType Sync="TRUE">002</imsContentType><itemSize Sync="TRUE">0.000</itemSize></itemProps><coordRef><type Sync="TRUE">Projected</type><geogcsn Sync="TRUE">GCS_GDA_1994</geogcsn><csUnits Sync="TRUE">Linear Unit: Meter (1.000000)</csUnits><peXml Sync="TRUE">&lt;ProjectedCoordinateSystem xsi:type='typens:ProjectedCoordinateSystem' xmlns:xsi='http://www.w3.org/2001/XMLSchema-instance' xmlns:xs='http://www.w3.org/2001/XMLSchema' xmlns:typens='http://www.esri.com/schemas/ArcGIS/2.4.0'&gt;&lt;WKT&gt;PROJCS[&amp;quot;GDA_1994_VICGRID94&amp;quot;,GEOGCS[&amp;quot;GCS_GDA_1994&amp;quot;,DATUM[&amp;quot;D_GDA_1994&amp;quot;,SPHEROID[&amp;quot;GRS_1980&amp;quot;,6378137.0,298.257222101]],PRIMEM[&amp;quot;Greenwich&amp;quot;,0.0],UNIT[&amp;quot;Degree&amp;quot;,0.0174532925199433]],PROJECTION[&amp;quot;Lambert_Conformal_Conic&amp;quot;],PARAMETER[&amp;quot;False_Easting&amp;quot;,2500000.0],PARAMETER[&amp;quot;False_Northing&amp;quot;,2500000.0],PARAMETER[&amp;quot;Central_Meridian&amp;quot;,145.0],PARAMETER[&amp;quot;Standard_Parallel_1&amp;quot;,-36.0],PARAMETER[&amp;quot;Standard_Parallel_2&amp;quot;,-38.0],PARAMETER[&amp;quot;Latitude_Of_Origin&amp;quot;,-37.0],UNIT[&amp;quot;Meter&amp;quot;,1.0],AUTHORITY[&amp;quot;EPSG&amp;quot;,3111]]&lt;/WKT&gt;&lt;XOrigin&gt;-34932800&lt;/XOrigin&gt;&lt;YOrigin&gt;-17746400&lt;/YOrigin&gt;&lt;XYScale&gt;120311588.42967919&lt;/XYScale&gt;&lt;ZOrigin&gt;-100000&lt;/ZOrigin&gt;&lt;ZScale&gt;10000&lt;/ZScale&gt;&lt;MOrigin&gt;-100000&lt;/MOrigin&gt;&lt;MScale&gt;10000&lt;/MScale&gt;&lt;XYTolerance&gt;0.001&lt;/XYTolerance&gt;&lt;ZTolerance&gt;0.001&lt;/ZTolerance&gt;&lt;MTolerance&gt;0.001&lt;/MTolerance&gt;&lt;HighPrecision&gt;true&lt;/HighPrecision&gt;&lt;WKID&gt;102171&lt;/WKID&gt;&lt;LatestWKID&gt;3111&lt;/LatestWKID&gt;&lt;/ProjectedCoordinateSystem&gt;</peXml><projcsn Sync="TRUE">GDA_1994_VICGRID94</projcsn></coordRef></DataProperties><SyncDate>20220217</SyncDate><SyncTime>14211000</SyncTime><ModDate>20220217</ModDate><ModTime>14211000</ModTime></Esri><dataIdInfo><envirDesc Sync="TRUE">Microsoft Windows 10 Version 10.0 (Build 19043) ; Esri ArcGIS 12.4.0.19948</envirDesc><dataLang><languageCode value="eng" Sync="TRUE"></languageCode><countryCode value="AUS" Sync="TRUE"></countryCode></dataLang><idCitation><resTitle Sync="TRUE">burnunits_v2</resTitle><presForm><PresFormCd value="005" Sync="TRUE"></PresFormCd></presForm></idCitation><spatRpType><SpatRepTypCd value="001" Sync="TRUE"></SpatRepTypCd></spatRpType></dataIdInfo><mdLang><languageCode value="eng" Sync="TRUE"></languageCode><countryCode value="AUS" Sync="TRUE"></countryCode></mdLang><distInfo><distFormat><formatName Sync="TRUE">Shapefile</formatName></distFormat><distTranOps><transSize Sync="TRUE">0.000</transSize></distTranOps></distInfo><mdHrLv><ScopeCd value="005" Sync="TRUE"></ScopeCd></mdHrLv><mdHrLvName Sync="TRUE">dataset</mdHrLvName><refSysInfo><RefSystem><refSysID><identCode code="3111" Sync="TRUE"></identCode><idCodeSpace Sync="TRUE">EPSG</idCodeSpace><idVersion Sync="TRUE">9.0(9.2.0)</idVersion></refSysID></RefSystem></refSysInfo><spatRepInfo><VectSpatRep><geometObjs Name="burnunits_v2"><geoObjTyp><GeoObjTypCd value="002" Sync="TRUE"></GeoObjTypCd></geoObjTyp><geoObjCnt Sync="TRUE">0</geoObjCnt></geometObjs><topLvl><TopoLevCd value="001" Sync="TRUE"></TopoLevCd></topLvl></VectSpatRep></spatRepInfo><spdoinfo><ptvctinf><esriterm Name="burnunits_v2"><efeatyp Sync="TRUE">Simple</efeatyp><efeageom code="4" Sync="TRUE"></efeageom><esritopo Sync="TRUE">FALSE</esritopo><efeacnt Sync="TRUE">0</efeacnt><spindex Sync="TRUE">FALSE</spindex><linrefer Sync="TRUE">FALSE</linrefer></esriterm></ptvctinf></spdoinfo><eainfo><detailed Name="burnunits_v2"><enttyp><enttypl Sync="TRUE">burnunits_v2</enttypl><enttypt Sync="TRUE">Feature Class</enttypt><enttypc Sync="TRUE">0</enttypc></enttyp><attr><attrlabl Sync="TRUE">FID</attrlabl><attalias Sync="TRUE">FID</attalias><attrtype Sync="TRUE">OID</attrtype><attwidth Sync="TRUE">4</attwidth><atprecis Sync="TRUE">0</atprecis><attscale Sync="TRUE">0</attscale><attrdef Sync="TRUE">Internal feature number.</attrdef><attrdefs Sync="TRUE">Esri</attrdefs><attrdomv><udom Sync="TRUE">Sequential unique whole numbers that are automatically generated.</udom></attrdomv></attr><attr><attrlabl Sync="TRUE">Shape</attrlabl><attalias Sync="TRUE">Shape</attalias><attrtype Sync="TRUE">Geometry</attrtype><attwidth Sync="TRUE">0</attwidth><atprecis Sync="TRUE">0</atprecis><attscale Sync="TRUE">0</attscale><attrdef Sync="TRUE">Feature geometry.</attrdef><attrdefs Sync="TRUE">Esri</attrdefs><attrdomv><udom Sync="TRUE">Coordinates defining the features.</udom></attrdomv></attr><attr><attrlabl Sync="TRUE">BUID</attrlabl><attalias Sync="TRUE">BUID</attalias><attrtype Sync="TRUE">String</attrtype><attwidth Sync="TRUE">16</attwidth><atprecis Sync="TRUE">0</atprecis><attscale Sync="TRUE">0</attscale></attr><attr><attrlabl Sync="TRUE">BRL_NAME</attrlabl><attalias Sync="TRUE">BRL_NAME</attalias><attrtype Sync="TRUE">String</attrtype><attwidth Sync="TRUE">30</attwidth><atprecis Sync="TRUE">0</atprecis><attscale Sync="TRUE">0</attscale></attr><attr><attrlabl Sync="TRUE">X_ZONETYPE</attrlabl><attalias Sync="TRUE">X_ZONETYPE</attalias><attrtype Sync="TRUE">String</attrtype><attwidth Sync="TRUE">50</attwidth><atprecis Sync="TRUE">0</atprecis><attscale Sync="TRUE">0</attscale></attr><attr><attrlabl Sync="TRUE">DISTRICT_N</attrlabl><attalias Sync="TRUE">DISTRICT_N</attalias><attrtype Sync="TRUE">String</attrtype><attwidth Sync="TRUE">20</attwidth><atprecis Sync="TRUE">0</atprecis><attscale Sync="TRUE">0</attscale></attr><attr><attrlabl Sync="TRUE">WORKCENTRE</attrlabl><attalias Sync="TRUE">WORKCENTRE</attalias><attrtype Sync="TRUE">String</attrtype><attwidth Sync="TRUE">50</attwidth><atprecis Sync="TRUE">0</atprecis><attscale Sync="TRUE">0</attscale></attr><attr><attrlabl Sync="TRUE">DELWP_REGI</attrlabl><attalias Sync="TRUE">DELWP_REGI</attalias><attrtype Sync="TRUE">String</attrtype><attwidth Sync="TRUE">20</attwidth><atprecis Sync="TRUE">0</atprecis><attscale Sync="TRUE">0</attscale></attr><attr><attrlabl Sync="TRUE">COMMENTS</attrlabl><attalias Sync="TRUE">COMMENTS</attalias><attrtype Sync="TRUE">String</attrtype><attwidth Sync="TRUE">50</attwidth><atprecis Sync="TRUE">0</atprecis><attscale Sync="TRUE">0</attscale></attr><attr><attrlabl Sync="TRUE">PERIMETER</attrlabl><attalias Sync="TRUE">PERIMETER</attalias><attrtype Sync="TRUE">Double</attrtype><attwidth Sync="TRUE">19</attwidth><atprecis Sync="TRUE">0</atprecis><attscale Sync="TRUE">0</attscale></attr><attr><attrlabl Sync="TRUE">HECTARES</attrlabl><attalias Sync="TRUE">HECTARES</attalias><attrtype Sync="TRUE">Double</attrtype><attwidth Sync="TRUE">19</attwidth><atprecis Sync="TRUE">0</atprecis><attscale Sync="TRUE">0</attscale></attr><attr><attrlabl Sync="TRUE">UPDATED</attrlabl><attalias Sync="TRUE">UPDATED</attalias><attrtype Sync="TRUE">Date</attrtype><attwidth Sync="TRUE">8</attwidth><atprecis Sync="TRUE">0</atprecis><attscale Sync="TRUE">0</attscale></attr><attr><attrlabl Sync="TRUE">Shape_Leng</attrlabl><attalias Sync="TRUE">Shape_Leng</attalias><attrtype Sync="TRUE">Double</attrtype><attwidth Sync="TRUE">19</attwidth><atprecis Sync="TRUE">0</atprecis><attscale Sync="TRUE">0</attscale></attr><attr><attrlabl Sync="TRUE">Shape_Area</attrlabl><attalias Sync="TRUE">Shape_Area</attalias><attrtype Sync="TRUE">Double</attrtype><attwidth Sync="TRUE">19</attwidth><atprecis Sync="TRUE">0</atprecis><attscale Sync="TRUE">0</attscale><attrdef Sync="TRUE">Area of feature in internal units squared.</attrdef><attrdefs Sync="TRUE">Esri</attrdefs><attrdomv><udom Sync="TRUE">Positive real numbers that are automatically generated.</udom></attrdomv></attr></detailed></eainfo><mdDateSt Sync="TRUE">20220217</mdDateSt></metadata>
